name,id,rare,atk,cmdbuf,atkbuf,npbuf,npspebuf,npbufmul,npextramul,dmgplus,hppronp,npcmd,nptype,npmul,class,charge,isextranp,isdebuf,isclassmul,isreward
청밥,2,5,11221,50,18,30,0,1,0,0,0,buster,army,1,saber,30,0,0,0,0
흑밥,3,4,10248,50,12,0,0,1,0,0,0,buster,army,2,saber,0,0,0,0,0
세릴리,4,4,7726,50,0,0,0,1,0,0,0,buster,army,3,saber,0,0,0,0,1
네로,5,4,9449,30,0,0,0,1,0,0,0,arts,army,1,saber,30,0,0,0,0
네로(아뻥),5,4,9449,50,0,0,0,1,0,0,0,arts,army,1,saber,30,0,1,0,0
네로(황특),5,4,9449,30,44,0,0,1,0,0,0,arts,army,1,saber,30,0,1,0,0
"네로(황특,아뻥)",5,4,9449,50,44,0,0,1,0,0,0,arts,army,1,saber,30,0,1,0,0
스마나이,6,4,8181,50,30,0,0,1,0,0,0,buster,army,1,saber,30,0,0,0,0
스마나이(특공),6,4,8181,50,30,0,80,1,150,0,0,buster,army,1,saber,30,1,0,0,0
카이사르,7,3,7497,8,16,18,0,1,0,125,0,quick,unit,1,saber,0,0,0,0,0
카이사르(3공뻥),7,3,7497,8,46,18,0,1,0,125,0,quick,unit,1,saber,0,0,0,0,0
카이사르(5공뻥),7,3,7497,8,66,18,0,1,0,125,0,quick,unit,1,saber,0,0,0,0,0
알테라,8,5,12343,0,30,20,0,1,0,175,0,buster,army,1,saber,30,0,0,0,0
홍차(버스터),11,4,9398,50,0,0,0,1,0,0,0,buster,army,1,archer,0,0,0,0,0
홍차(아츠),11,4,9398,50,0,0,0,1,0,0,0,arts,army,1,archer,0,0,0,0,0
길가메시,12,5,12280,0,21,50,0,1,0,175,0,buster,army,1,archer,30,0,0,0,0
길가메시(특공),12,5,12280,0,21,50,0,1,150,175,0,buster,army,1,archer,30,1,0,0,0
녹차,13,3,6715,0,0,0,0,1,0,0,0,arts,unit,0,archer,0,0,0,0,0
녹차(특공),13,3,6715,0,0,0,0,1,200,0,0,arts,unit,0,archer,0,1,0,0,0
아탈란테,14,4,8633,50,0,0,0,1,0,0,0,quick,army,1,archer,0,0,0,0,0
에우리알레,15,3,7032,30,0,0,0,1,0,300,0,arts,unit,2,archer,27,0,0,0,0
에우리알레(특공),15,3,7032,30,0,0,0,1,0,300,0,arts,unit,3,archer,27,1,0,0,0
아라쉬,16,1,5816,0,0,0,0,1,0,0,0,buster,army,4,archer,30,0,0,0,0
랜훌린(풀피),17,3,7239,0,20,0,0,1,0,175,0,quick,unit,1,lancer,0,0,0,0,0
랜훌린(HP1),17,3,7239,0,49.9971,0,0,1,0,175,0,quick,unit,1,lancer,0,0,0,0,0
랜토리,18,4,9122,0,20,0,0,1,0,0,0,buster,army,1,lancer,0,0,0,0,0
랜토리(방깎),18,4,9122,0,40,0,0,1,0,0,0,buster,army,1,lancer,0,0,1,0,0
프훌린,20,3,7082,20,0,0,0,1,0,175,0,quick,unit,1,lancer,0,0,0,0,0
프훌린(특공),20,3,7082,20,0,0,100,1,0,175,0,quick,unit,1,lancer,0,1,0,0,0
로물루스,22,3,7239,30,0,0,0,1,0,0,0,buster,army,0,lancer,0,0,0,0,0
로물루스(황특),22,3,7239,30,44,0,0,1,0,0,0,buster,army,0,lancer,0,0,1,0,0
메두사,23,3,7200,11,30,0,0,1,0,95,0,quick,army,1,rider,20,0,0,0,0
게오르기우스,24,2,5236,0,0,0,0,1,0,0,0,arts,unit,0,rider,0,0,0,0,0
에드워드 티치,25,2,6188,0,43,16,0,1,0,0,0,buster,army,1,rider,0,0,0,0,0
우시와카마루,27,3,7076,31,20,0,0,1,0,0,0,quick,unit,1,rider,0,0,0,0,0
알렉산더,28,3,7356,31,16,0,0,1,0,100,0,quick,army,1,rider,0,0,0,0,0
마리,29,4,8293,11,20,0,0,1,0,0,0,quick,army,1,rider,0,0,0,0,0
마르타,30,4,8014,20,0,0,0,1,0,150,0,buster,army,1,rider,0,0,0,0,0
마르타(방깎),30,4,8014,20,30,0,0,1,0,150,0,buster,army,1,rider,0,0,1,0,0
메데이아,31,3,7418,10,0,0,0,1,0,0,0,arts,unit,4,caster,120,0,0,0,0
캐드레,32,3,6514,20,0,0,0,1,0,0,0,buster,army,1,caster,0,0,0,0,0
셰익스피어,34,2,5798,40,0,0,0,1,0,0,0,buster,army,1,caster,20,0,0,0,0
메피스토펠레스,35,3,6839,0,30,0,0,1,0,0,0,buster,army,1,caster,0,0,0,0,0
캐훌린,38,3,6580,20,30,0,0,1,0,175,0,buster,army,1,caster,30,0,0,0,0
코지로,39,1,5735,20,0,0,0,1,0,0,0,quick,unit,1,assassin,0,0,0,0,0
주완의 핫산,40,2,6280,0,0,0,0,1,0,0,0,quick,unit,1,assassin,0,0,0,0,0
형가,42,3,7207,30,0,0,0,1,0,0,0,quick,unit,1,assassin,0,0,0,0,0
형가(5방깎),42,3,7207,30,50,0,0,1,0,0,0,quick,unit,1,assassin,0,0,0,0,0
형가(특공),42,3,7207,30,0,0,50,1,0,0,0,quick,unit,1,assassin,0,0,0,0,0
"형가(특공, 5방깎)",42,3,7207,30,50,0,50,1,0,0,0,quick,unit,1,assassin,0,0,0,0,0
상송,43,2,5456,0,0,0,0,1,0,0,0,buster,unit,1,assassin,0,0,0,0,0
상송(2중특공),43,2,5456,0,0,0,120,1,0,0,0,buster,unit,1,assassin,0,1,0,0,0
상송(특공),43,2,5456,0,0,0,60,1,0,0,0,buster,unit,1,assassin,0,1,0,0,0
팬텀,44,2,5654,0,0,0,0,1,0,0,0,arts,army,1,assassin,0,0,0,0,0
카밀라,46,4,9408,0,20,0,0,1,0,0,0,buster,unit,1,assassin,0,0,0,0,0
카밀라(특공),46,4,9408,0,20,0,0,1,150,0,0,buster,unit,1,assassin,0,1,0,0,0
헤라클레스,47,4,10655,8,31,0,0,1,0,200,0,buster,unit,0,berserker,0,0,0,0,0
헤라클레스(거츠발동),47,4,10655,28,31,0,0,1,0,200,0,buster,unit,0,berserker,0,0,0,0,0
버슬롯,48,4,10477,0,10,0,0,1,0,0,0,quick,army,0,berserker,0,0,0,0,0
여포,49,3,8119,10,27,30,0,1,0,0,0,buster,unit,0,berserker,0,0,0,0,0
스파르타쿠스,50,1,5073,52,0,0,0,1,0,0,0,buster,army,1,berserker,30,0,0,0,0
킨토키,51,5,12712,2,50,0,0,1,0,0,0,buster,unit,1,berserker,50,0,0,0,0
블라드,52,5,11499,0,30,0,0,1,0,0,0,arts,unit,1,berserker,30,0,0,0,0
다리우스,55,3,7608,28,0,0,0,1,0,0,0,buster,army,1,berserker,0,0,0,0,0
키요히메,56,3,6644,42,0,0,0,1,0,0,0,buster,army,0,berserker,20,0,0,0,0
키요히메(방깎),56,3,6644,42,24,0,0,1,0,0,0,buster,army,0,berserker,20,0,1,0,0
에릭,57,2,6290,8,30,0,0,1,0,0,0,buster,army,0,berserker,0,0,0,0,0
에릭(방깎),57,2,6290,8,60,0,0,1,0,0,0,buster,army,0,berserker,0,0,1,0,0
타마캣,58,4,9026,0,30,0,0,1,0,0,0,quick,army,1,berserker,0,0,0,0,0
오리온,60,5,11107,0,20,0,0,1,0,0,0,arts,unit,1,archer,0,0,0,0,0
오리온(특공),60,5,11107,0,20,0,100,1,0,0,0,arts,unit,1,archer,0,1,0,0,0
캐토리,61,4,8616,45,0,0,0,1,0,0,0,buster,army,0,caster,0,0,0,0,1
다윗,63,3,7736,0,18,0,0,1,0,0,0,buster,unit,1,archer,0,0,0,0,0
다윗(특공),63,3,7736,0,18,0,0,1,200,0,0,buster,unit,1,archer,0,1,0,0,0
헥토르,64,3,6928,0,0,20,0,1,0,0,0,buster,army,1,lancer,0,0,0,0,0
드레이크,65,5,11326,20,17,17,0,1,0,0,0,buster,army,1,rider,50,0,0,0,0
앤&메리,66,4,9029,0,30,0,0,1,0,0,0,quick,unit,1,rider,0,0,0,0,0
앤&메리(HP1),66,4,9029,0,30,0,0,1,0,0,1199.9023,quick,unit,1,rider,0,0,1,0,0
앵밥,68,5,12068,52,0,0,0,1,0,0,0,quick,unit,0,saber,0,0,0,0,0
앵밥(1스1공뻥),68,5,12068,52,20,0,0,1,0,0,0,quick,unit,0,saber,0,0,1,0,0
앵밥(1스2공뻥),68,5,12068,52,40,0,0,1,0,0,0,quick,unit,0,saber,0,0,1,0,0
놋부,69,4,9494,20,0,30,0,1,0,0,0,buster,army,0,archer,0,0,0,0,1
놋부(2중특공),69,4,9494,20,0,30,100,1,150,0,0,buster,army,0,archer,0,1,0,0,1
놋부(기승특공),69,4,9494,20,0,30,0,1,150,0,0,buster,army,0,archer,0,1,0,0,1
놋부(신성특공),69,4,9494,20,0,30,100,1,0,0,0,buster,army,0,archer,0,1,0,0,1
스카사하,70,5,11375,50,0,0,0,1,0,0,0,quick,unit,1,lancer,0,0,0,0,0
스카사하(2중특공),70,5,11375,50,0,0,200,1,0,0,0,quick,unit,1,lancer,0,1,0,0,0
스카사하(특공),70,5,11375,50,0,0,100,1,0,0,0,quick,unit,1,lancer,0,1,0,0,0
딜묵,71,3,6877,20,0,0,0,1,0,0,0,quick,unit,1,lancer,0,0,0,0,0
퍼거스,72,3,7460,20,30,0,0,1,0,0,0,buster,army,1,saber,0,0,0,0,0
산밥,73,4,9258,45,0,0,0,1,0,0,0,buster,army,2,rider,10,0,0,0,1
너서리라임,74,4,8629,10,0,0,0,1,0,0,0,arts,army,1,caster,40,0,0,0,0
잭,75,5,11557,50,0,0,0,1,0,0,0,quick,unit,2,assassin,0,0,0,0,0
잭(특공),75,5,11557,50,0,0,50,1,0,0,0,quick,unit,2,assassin,0,1,0,0,0
모드레드,76,5,11723,50,20,0,0,1,0,0,0,buster,army,1,saber,30,0,0,0,0
모드레드(특공),76,5,11723,50,20,0,0,1,180,0,0,buster,army,1,saber,30,1,0,0,0
테슬라,77,5,11781,0,20,30,0,1,0,0,0,buster,army,1,archer,50,0,1,0,0
테슬라(특공),77,5,11781,0,20,30,0,1,150,0,0,buster,army,1,archer,50,1,1,0,0
흑랜밥,78,4,9968,55,20,0,0,1,0,0,0,buster,army,1,lancer,0,0,0,0,0
흑랜밥(특공),78,4,9968,55,20,0,30,1,0,0,0,buster,army,1,lancer,0,1,0,0,0
흑랜밥(2중특공),78,4,9968,55,20,0,60,1,0,0,0,buster,army,1,lancer,0,1,0,0,0
파라켈수스,79,3,6711,30,0,0,0,1,0,0,0,arts,army,2,caster,0,0,0,0,0
배비지,80,3,5996,0,40,25,0,1,0,0,0,buster,army,1,caster,0,0,0,0,0
프랑,82,4,9441,0,0,30,0,1,0,0,0,quick,army,2,berserker,0,0,0,0,0
프랑(방깎),82,4,9441,0,30,30,0,1,0,0,0,quick,army,2,berserker,0,0,1,0,0
아르주나,84,5,12342,30,0,20,0,1,0,175,0,buster,army,1,archer,25,0,0,0,0
카르나,85,5,11976,30,0,20,0,1,0,200,0,buster,army,1,lancer,30,0,0,0,0
카르나(특공),85,5,11976,30,0,20,0,1,150,200,0,buster,army,1,lancer,30,1,0,0,0
엑밥,86,5,11761,12,40,0,0,1,0,0,0,quick,unit,1,assassin,0,0,0,0,0
엑밥(2중특공),86,5,11761,12,40,0,50,1,150,0,0,quick,unit,1,assassin,0,1,0,0,0
엑밥(특공),86,5,11761,12,40,0,50,1,0,0,0,quick,unit,1,assassin,0,1,0,0,0
핀 막 쿨,87,4,8930,40,0,0,0,1,0,125,0,arts,army,1,lancer,30,0,0,0,0
브륜힐데,88,5,11432,25,0,15,0,1,0,100,0,buster,unit,1,lancer,0,0,0,0,0
브륜힐데(특공),88,5,11432,25,0,15,0,1,150,100,0,buster,unit,1,lancer,0,1,0,0,0
베오울프,89,4,10247,1,30,20,0,1,0,0,0,buster,unit,2,berserker,0,0,0,0,0
베오울프(특공),89,4,10247,1,30,20,50,1,0,0,0,buster,unit,2,berserker,0,1,0,0,0
베오울프(2중특공),89,4,10247,1,30,20,100,1,0,0,0,buster,unit,2,berserker,0,1,0,0,0
네브,90,5,11607,0,40,0,0,1,0,0,0,arts,unit,1,saber,30,0,0,0,0
네브(특공),90,5,11607,0,40,0,30,1,0,0,0,arts,unit,1,saber,30,1,0,0,0
세싴,91,5,10721,46,25,0,0,1,0,0,0,arts,army,1,saber,30,0,0,0,0
어싴,92,4,8867,50,0,0,0,1,0,0,0,arts,unit,1,assassin,30,0,0,0,1
아마쿠사,93,5,10972,50,0,0,0,1,0,0,0,buster,army,1,ruler,20,0,0,0,0
아스톨포,94,4,8937,11,28,0,0,1,0,0,0,quick,army,1,rider,50,0,0,0,0
치비길,95,3,7696,0,21,0,0,1,0,175,0,buster,army,1,archer,0,0,0,0,0
암굴왕,96,5,12641,0,50,0,0,1,0,0,0,quick,army,1,avenger,0,0,0,0,0
쿠얼,98,5,12805,6,30,0,0,1,0,150,0,buster,unit,1,berserker,0,0,0,0,0
메이브,99,5,10296,0,50,0,0,1,0,0,0,buster,unit,1,rider,0,0,0,0,0
메이브(특공),99,5,10296,0,50,0,0,1,150,0,0,buster,unit,1,rider,0,1,0,0,0
엘레나,100,4,8629,30,0,0,0,1,0,0,0,arts,army,1,caster,20,0,0,0,0
엘레나(보뻥),100,4,8629,30,0,50,0,1,0,0,0,arts,army,1,caster,20,0,1,0,0
라마,101,4,9854,0,18,0,0,1,0,200,0,buster,unit,1,saber,0,0,0,0,0
라마(특공),101,4,9854,0,18,0,0,1,150,200,0,buster,unit,1,saber,0,1,0,0,0
이서문,102,4,9653,50,0,0,0,1,0,0,0,arts,unit,1,lancer,0,0,0,0,0
에디슨,103,4,7952,4,0,20,0,1,0,0,0,arts,army,1,caster,0,0,0,0,0
제로니모,104,3,6857,58,0,0,0,1,0,0,0,arts,army,1,caster,0,0,0,0,0
빌리 더 키드,105,3,6890,7,0,0,0,1,0,0,0,quick,unit,1,archer,50,0,0,0,0
흑잔,106,5,13244,50,20,0,0,1,0,0,0,buster,unit,1,avenger,0,0,0,0,0
이스칸달,108,5,11560,50,20,20,0,1,0,150,0,buster,army,1,rider,0,0,0,0,0
에비야,109,4,8958,40,0,0,0,1,0,0,0,arts,unit,1,assassin,0,0,0,0,0
백모의 핫산,110,3,6686,0,0,0,0,1,0,0,0,arts,unit,1,assassin,0,0,0,0,0
백모의 핫산(아뻥),110,3,6686,30,0,0,0,1,0,0,0,arts,unit,1,assassin,0,0,1,0,0
슈텐도지,112,5,11993,0,40,30,0,1,0,150,0,arts,army,1,assassin,30,0,0,0,0
현장삼장,113,5,11658,0,20,20,0,1,0,125,0,buster,unit,1,caster,80,0,0,0,0
마마,114,5,11556,42,0,0,0,1,0,150,0,buster,army,1,berserker,30,0,0,0,0
마마(2중특공),114,5,11556,42,0,0,100,1,0,150,0,buster,army,1,berserker,30,1,0,0,0
마마(특공),114,5,11556,42,0,0,50,1,0,150,0,buster,army,1,berserker,30,1,0,0,0
라토키,115,4,9819,40,0,0,0,1,0,150,0,quick,unit,0,rider,50,0,0,0,1
이바라키,116,4,9636,8,20,30,0,1,0,0,0,buster,unit,0,berserker,0,0,0,0,0
코타로,117,3,7091,0,20,0,0,1,0,0,0,quick,army,1,assassin,0,0,0,0,0
오지만디아스,118,5,11971,0,60,0,0,1,0,175,0,buster,unit,1,rider,20,0,0,0,0
랜밥,119,5,10995,50,18,0,0,1,0,0,0,buster,army,0,lancer,50,0,0,0,0
랜밥(특공),119,5,10995,50,18,0,50,1,0,0,0,buster,army,0,lancer,50,1,0,0,0
랜밥(2중특공),119,5,10995,50,18,0,100,1,0,0,0,buster,army,0,lancer,50,1,0,0,0
니토크리스,120,4,9060,30,0,0,0,1,0,175,0,arts,army,1,caster,120,0,0,0,0
세슬롯,121,4,9949,30,0,0,0,1,0,0,0,arts,unit,1,saber,30,0,0,0,0
트리스탄,122,4,9735,30,0,0,0,1,0,0,0,quick,unit,1,archer,50,0,0,0,0
가웨인,123,4,10173,30,40,0,0,1,0,0,0,buster,army,1,saber,20,0,0,0,0
정밀의 핫산,124,3,6636,30,0,0,0,1,0,0,0,arts,unit,1,assassin,0,0,0,0,0
토타,125,3,7032,50,0,0,0,1,0,0,0,buster,army,1,archer,10,0,0,0,0
토타(특공),125,3,7032,50,0,0,50,1,0,0,0,buster,army,1,archer,10,1,0,0,0
베디비어,126,3,7627,30,0,20,0,1,0,0,0,buster,unit,1,saber,30,0,0,0,0
다빈치,127,5,10598,30,0,80,0,1,0,0,0,arts,army,1,caster,50,0,0,0,0
랜마모,128,5,10726,0,50,0,0,1,0,230,0,buster,unit,0,lancer,30,0,0,0,0
랜마모(특공),128,5,10726,0,50,0,0,1,150,230,0,buster,unit,0,lancer,30,1,0,0,0
물총밥,129,5,11276,40,18,0,0,1,0,0,0,arts,unit,0,archer,30,0,0,0,0
캐마리,130,4,9060,10,19.5,0,0,1,0,0,0,arts,army,0,caster,0,0,0,0,0
아처앤&메리,131,4,9446,0,45,0,0,1,0,0,0,buster,unit,0,archer,30,0,0,0,0
아처앤&메리(HP1),131,4,9446,0,45,0,0,1,0,0,599.9521,buster,unit,0,archer,30,0,1,0,0
라못,132,4,9212,35,0,0,0,1,0,0,0,arts,army,0,rider,30,0,0,0,0
어슼,133,4,9049,50,0,0,0,1,0,0,0,quick,army,0,assassin,30,0,0,0,1
어슼(특공),133,4,9049,50,0,0,50,1,0,0,0,quick,army,0,assassin,30,0,0,0,1
랜요히메,134,4,8936,42,30,0,0,1,0,0,0,buster,unit,0,lancer,0,0,0,0,0
룰르타,135,4,9546,0,20,0,0,1,0,0,0,buster,unit,1,ruler,30,0,0,0,0
룰르타(특공),135,4,9546,0,20,0,100,1,0,0,0,buster,unit,1,ruler,30,1,0,0,0
룰르타(해변),135,4,9546,0,40,0,0,1,0,0,0,buster,unit,1,ruler,30,0,1,0,0
"룰르타(해변,특공)",135,4,9546,0,40,0,100,1,0,0,0,buster,unit,1,ruler,30,1,1,0,0
이리야,136,5,10857,70,0,0,0,1,0,0,0,buster,unit,1,caster,0,0,0,0,0
쿠로,137,4,9845,35,0,0,0,1,0,0,0,arts,unit,0,archer,50,0,0,0,1
세토리,138,4,9899,40,0,0,0,1,0,0,0,buster,unit,1,saber,0,0,0,0,1
세토리(3스공뻥),138,4,9899,40,50,0,0,1,0,0,0,buster,unit,1,saber,0,0,1,0,1
세토리(3스버뻥),138,4,9899,90,0,0,0,1,0,0,0,buster,unit,1,saber,0,0,1,0,1
클레오파트라,139,5,11088,30,0,0,0,1,0,125,0,buster,army,1,assassin,0,0,0,0,0
클레오파트라(황특),139,5,11088,30,40,0,0,1,0,125,0,buster,army,1,assassin,0,0,1,0,0
랜라드,140,4,8775,20,20,20,0,1,0,0,0,buster,unit,0,lancer,0,0,0,0,0
랜라드(특공),140,4,8775,20,20,20,0,1,150,0,0,buster,unit,0,lancer,0,1,0,0,0
오산리,141,4,9261,55,0,0,0,1,0,0,0,buster,army,1,lancer,20,0,0,0,1
이슈타르(3스공뻥),142,5,12252,20,70,0,0,1,0,225,0,buster,army,1,archer,50,0,1,0,0
이슈타르,142,5,12252,20,20,0,0,1,0,225,0,buster,army,1,archer,50,0,0,0,0
엘키두,143,5,10780,50,30,0,0,1,0,0,0,buster,unit,1,lancer,50,0,0,0,0
엘키두(특공),143,5,10780,50,30,0,0,1,200,0,0,buster,unit,1,lancer,50,1,0,0,0
케찰코아틀,144,5,12001,30,21,0,0,1,0,300,0,buster,unit,0,rider,30,0,0,0,0
캐길,145,4,8460,40,21,0,0,1,0,175,0,arts,army,1,caster,50,0,0,0,0
랜두사,146,4,8253,20,30,0,0,1,0,300,0,quick,unit,1,lancer,30,0,0,0,0
고르곤,147,4,10706,0,50,0,0,1,0,0,0,buster,army,1,avenger,0,0,0,0,0
재규어맨,148,3,7022,32,30,0,0,1,0,200,0,buster,unit,0,lancer,0,0,0,0,0
무사시,153,5,12037,50,0,30,0,1,0,0,0,buster,unit,1,saber,0,0,0,0,0
무사시(특공),153,5,12037,50,0,30,0,1,150,0,0,buster,unit,1,saber,0,0,0,0,0
킹 핫산,154,5,11848,80,20,0,0,1,0,0,0,buster,unit,0,assassin,0,0,0,0,0
킹 핫산(거츠발동),154,5,11848,100,20,0,0,1,0,0,0,buster,unit,0,assassin,0,0,1,0,0
히오스,155,5,11113,30,20,0,0,1,0,0,0,quick,unit,1,berserker,0,0,0,0,0
히오스(세이버특공),155,5,11113,30,20,0,0,1,150,0,0,quick,unit,1,berserker,0,1,0,0,0
히오스(선특공),155,5,11113,30,20,0,50,1,0,0,0,quick,unit,1,berserker,0,1,0,0,0
히오스(2중특공),155,5,11113,30,20,0,50,1,150,0,0,quick,unit,1,berserker,0,1,0,0,0
모리어티,156,5,11781,0,40,20,0,1,0,0,0,buster,unit,0,archer,50,0,0,0,0
홍얼,157,4,8996,30,40,0,0,1,0,0,0,arts,unit,1,archer,0,0,0,0,0
로보,158,4,10628,0,30,0,0,1,0,0,0,quick,unit,1,avenger,0,0,0,0,0
로보(특공),158,4,10628,0,30,0,30,1,0,0,0,quick,unit,1,avenger,0,1,0,0,0
연청,159,4,8661,35,0,0,0,1,0,0,0,quick,unit,1,assassin,0,0,0,0,0
연청(특공),159,4,8661,35,0,0,30,1,0,0,0,quick,unit,1,assassin,0,1,0,0,0
연청(2중특공),159,4,8661,35,0,0,60,1,0,0,0,quick,unit,1,assassin,0,1,0,0,0
프밥,160,5,12465,50,0,10,0,1,0,0,0,buster,army,0,saber,20,0,0,0,0
프밥(특공),160,5,12465,50,0,10,100,1,0,0,0,buster,army,0,saber,20,1,0,0,0
히지카타(3스 HP깎),161,5,12089,25,0,0,0,1,0,0,61.4062,buster,unit,1,berserker,0,0,0,0,0
히지카타(HP1),161,5,12089,25,0,0,0,1,0,0,799.9386,buster,unit,1,berserker,0,0,1,0,0
히지카타(풀피),161,5,12089,25,0,0,0,1,0,0,0,buster,unit,1,berserker,0,0,0,0,0
차차,162,4,8945,33,0,0,0,1,0,0,0,buster,army,0,berserker,0,0,0,0,1
차차(방깎1T),162,4,8945,33,10,0,0,1,0,0,0,buster,army,0,berserker,0,0,1,0,1
차차(방깎5T),162,4,8945,33,50,0,0,1,0,0,0,buster,army,0,berserker,0,0,1,0,1
멜트릴리스,163,5,11692,8,30,30,0,1,0,225,0,quick,unit,0,alterego,30,0,0,0,0
멜트릴리스(상성),163,5,11692,8,30,30,0,1,0,225,0,quick,unit,0,alterego,30,0,0,1,0
패션립,164,4,10299,20,30,0,0,1,0,200,0,buster,army,1,alterego,20,0,0,0,0
패션립(HP1),164,4,10299,20,79.9966,0,0,1,0,200,0,buster,army,1,alterego,20,0,1,0,0
패션립(HP50),164,4,10299,20,60,0,0,1,0,200,0,buster,army,1,alterego,20,0,1,0,0
패션립(상성),164,4,10299,20,30,0,0,1,0,200,0,buster,army,1,alterego,20,0,0,1,0
"패션립(상성,HP1)",164,4,10299,20,79.9966,0,0,1,0,200,0,buster,army,1,alterego,20,0,1,1,0
"패션립(상성,HP50)",164,4,10299,20,60,0,0,1,0,200,0,buster,army,1,alterego,20,0,1,1,0
스즈카 고젠,165,4,9544,40,0,20,0,1,0,200,0,buster,army,1,saber,0,0,0,0,0
BB,166,4,8197,40,0,0,0,1,0,0,0,arts,unit,0,mooncancer,0,0,0,0,1
키아라,167,5,11668,0,30,0,0,1,0,0,0,arts,army,1,alterego,50,0,0,0,0
키아라(상성),167,5,11668,0,30,0,0,1,0,0,0,arts,army,1,alterego,50,1,1,1,0
"키아라(상성,아깎)",167,5,11668,30,30,0,0,1,0,0,0,arts,army,1,alterego,50,1,1,1,0
키아라(아깎),167,5,11668,30,30,0,0,1,0,0,0,arts,army,1,alterego,50,0,1,0,0
불야캐,169,5,9212,41.5,0,20,0,1,0,0,0,arts,army,1,caster,0,0,0,0,0
불야캐(특공),169,5,9212,41.5,0,20,0,1,200,0,0,arts,army,1,caster,0,1,0,0,0
무측천,170,4,8981,0,50,0,0,1,0,0,0,quick,unit,1,assassin,10,0,0,0,0
무측천(황특),170,4,8981,0,88,0,0,1,0,0,0,quick,unit,1,assassin,10,0,1,0,0
펜테실레이아,171,4,10502,32,18,0,0,1,0,175,0,buster,unit,0,berserker,0,0,0,0,0
펜테실레이아(특공),171,4,10502,32,18,0,100,1,0,175,0,buster,unit,0,berserker,0,1,0,0,0
콜럼버스,172,3,6552,20,14,14,0,1,0,0,0,buster,army,1,rider,30,0,0,0,0
폴 버니언,174,1,6044,24,20,0,0,1,0,0,0,buster,army,1,berserker,0,0,0,0,1
캐로,175,5,10857,0,80,20,0,1,0,0,0,buster,army,0,caster,50,0,0,0,0
세프랑,176,4,9353,12,20,20,0,1,0,0,0,quick,unit,0,saber,0,0,0,0,0
어니토,177,4,8812,0,30,20,0,1,0,185,0,arts,army,0,assassin,0,0,0,0,0
록부,178,4,10146,26,0,0,0,1,0,0,0,buster,unit,1,berserker,0,0,0,0,0
록부(염상),178,4,10146,26,20,0,0,1,0,0,0,buster,unit,1,berserker,0,0,1,0,0
"록부(염상,특공)",178,4,10146,26,20,0,0,1,150,0,0,buster,unit,1,berserker,0,1,1,0,0
록부(특공),178,4,10146,26,0,0,0,1,150,0,0,buster,unit,1,berserker,0,1,0,0,0
흑총밥,179,5,10776,58,30,0,0,1,0,0,0,quick,unit,0,rider,0,0,0,0,0
흑총밥(3스 2중),179,5,10776,88,30,0,0,1,0,0,0,quick,unit,0,rider,0,0,1,0,0
아처 엘레나,180,4,9446,40,0,0,0,1,0,2000,0,arts,army,1,archer,20,0,0,0,0
랜마마,181,4,9168,46,20,0,0,1,0,150,0,buster,unit,0,lancer,0,0,0,0,0
라린슈,182,4,9603,52,0,0,0,1,0,225,0,quick,army,0,rider,0,0,0,0,1
파르바티,183,4,8127,30,50,0,0,1,0,225,0,quick,army,0,lancer,10,0,0,0,0
토모에 고젠,184,4,9946,2,19,28,0,1,0,0,0,buster,unit,1,archer,0,0,0,0,0
치요메,185,4,8510,30,0,0,0,1,0,0,0,arts,unit,1,assassin,0,0,0,0,0
치요메(마성특공),185,4,8510,30,0,0,30,1,0,0,0,arts,unit,1,assassin,0,1,0,0,0
치요메(저주특공),185,4,8510,30,0,0,20,1,0,0,0,arts,unit,1,assassin,0,1,0,0,0
치요메(2중특공),185,4,8510,30,0,0,50,1,0,0,0,arts,unit,1,assassin,0,1,0,0,0
야규,187,4,9999,50,20,0,0,1,0,0,0,arts,unit,0,saber,0,0,0,0,0
단조,188,4,8935,30,0,0,0,1,0,0,0,buster,army,1,assassin,0,0,0,0,0
단조(특공),188,4,8935,30,0,0,0,1,150,0,0,buster,army,1,assassin,0,1,1,0,0
메카바토리,190,4,9997,0,0,60,0,1,0,0,0,buster,unit,0,alterego,0,0,0,0,1
메카바토리(상성),190,4,9997,0,0,60,0,1,0,0,0,buster,unit,0,alterego,0,0,0,1,1
키르케,192,4,8671,0,20,0,0,1,0,0,0,buster,unit,1,caster,120,0,0,0,0
나타,193,4,9284,20,0,20,0,1,0,0,0,buster,army,1,lancer,0,0,0,0,0
나타(특공),193,4,9284,20,0,20,50,1,0,0,0,buster,army,1,lancer,0,1,0,0,0
시바의 여왕,194,4,8629,26,20,0,0,1,0,0,0,arts,unit,0,caster,30,0,0,0,0
아비게일,195,5,12100,8,20,30,0,1,0,175,0,buster,unit,0,foreigner,30,0,0,0,0
에레슈키갈,196,5,10343,60,0,0,0,1,0,225,0,buster,army,1,lancer,50,0,0,0,0
에레슈키갈(특공),196,5,10343,60,0,0,0,1,150,225,0,buster,army,1,lancer,50,1,0,0,0
산테라,197,4,9759,12,0,30,0,1,0,175,0,quick,unit,0,archer,20,0,0,0,1
호쿠사이,198,5,12100,34,0,0,0,1,0,175,0,arts,army,0,foreigner,30,0,0,0,0
호쿠사이(2방깎),198,5,12100,34,40,0,0,1,0,175,0,arts,army,0,foreigner,30,0,1,0,0
호쿠사이(방깎),198,5,12100,34,20,0,0,1,0,175,0,arts,army,0,foreigner,30,0,1,0,0
호쿠사이(특공),198,5,12100,34,0,0,0,1,150,175,0,arts,army,0,foreigner,30,0,0,0,0
"호쿠사이(특공,2방깎)",198,5,12100,34,40,0,0,1,150,175,0,arts,army,0,foreigner,30,1,1,0,0
"호쿠사이(특공,방깎)",198,5,12100,34,20,0,0,1,150,175,0,arts,army,0,foreigner,30,1,1,0,0
세미라미스,199,5,11309,50,0,10,0,1,0,125,0,buster,army,1,assassin,30,0,0,0,0
후지노,200,4,10299,35,0,0,0,1,0,0,0,buster,unit,1,archer,0,0,0,0,0
후지노(특공),200,4,10299,35,0,0,0,1,150,0,0,buster,unit,1,archer,0,1,0,0,0
아나스타샤,201,5,10546,92,20,0,0,1,0,0,0,arts,army,0,caster,50,0,0,0,0
버탈란테,202,4,9806,50,0,0,0,1,0,0,0,quick,unit,0,berserker,0,0,0,0,0
아비케브론,203,3,6376,30,0,20,0,1,0,0,0,buster,army,1,caster,79.5,0,0,0,0
살리에리,204,3,8125,30,0,0,0,1,0,0,0,arts,army,0,avenger,0,0,0,0,0
살리에리(방깎),204,3,8125,30,30,0,0,1,0,0,0,arts,army,0,avenger,0,0,1,0,0
이반 뇌제,205,5,11619,40,0,30,0,1,0,0,0,buster,army,1,rider,30,0,0,0,0
이반 뇌제(특공),205,5,11619,40,0,30,30,1,0,0,0,buster,army,1,rider,30,1,0,0,0
이반 뇌제(2중특공),205,5,11619,40,0,30,60,1,0,0,0,buster,army,1,rider,30,1,0,0,0
아킬레우스,206,5,11883,61,0,0,0,1,0,150,0,quick,army,1,rider,30,0,0,0,0
케이론,207,4,9294,30,0,0,0,1,0,150,0,arts,unit,1,archer,0,0,0,0,0
케이론(특공),207,4,9294,30,0,0,0,1,150,150,0,arts,unit,1,archer,0,0,0,0,0
지크,208,4,8394,42.5,20,0,0,1,0,0,0,arts,army,0,caster,30,0,0,0,1
지크(특공),208,4,8394,42.5,20,0,100,1,0,0,0,arts,army,0,caster,30,1,0,0,1
앵얼,209,5,12465,30,20,30,0,1,0,0,0,buster,army,0,alterego,30,0,0,0,0
앵얼(상성),209,5,12465,30,20,30,0,1,0,0,0,buster,army,0,alterego,30,0,0,1,0
앵얼(특공),209,5,12465,30,20,30,30,1,0,0,0,buster,army,0,alterego,30,1,0,0,0
"앵얼(상성,특공)",209,5,12465,30,20,30,30,1,0,0,0,buster,army,0,alterego,30,1,0,1,0
이조,210,3,6879,0,0,0,0,1,0,0,0,arts,unit,1,assassin,0,0,0,0,0
이조(인특공),210,3,6879,0,0,0,0,1,150,0,0,arts,unit,1,assassin,0,0,0,0,0
이조(인간형특공),210,3,6879,0,0,0,100,1,0,0,0,arts,unit,1,assassin,0,0,0,0,0
이조(2중특공),210,3,6879,0,0,0,100,1,150,0,0,arts,unit,1,assassin,0,1,0,0,0
료마,211,4,8555,20,17,0,0,1,0,170,0,arts,unit,1,rider,10,0,0,0,1
나폴레옹,212,5,12033,0,40,20,0,1,0,0,0,buster,army,1,archer,30,0,0,0,0
나폴레옹(특공),212,5,12033,0,40,20,0,1,150,0,0,buster,army,1,archer,30,1,0,0,0
시구르드,213,5,12465,50,0,0,0,1,0,175,0,buster,unit,1,saber,0,0,0,0,0
시구르드(특공),213,5,12465,50,0,0,0,1,150,175,0,buster,unit,1,saber,0,1,0,0,0
발키리,214,4,8037,30,0,20,0,1,0,200,0,quick,army,0,lancer,0,0,0,0,0
수잔,216,5,10525,30,20,20,0,1,0,0,0,arts,army,0,archer,40,0,0,0,0
랜바라키,217,4,9133,4,20,30,0,1,0,0,0,buster,unit,0,lancer,0,0,0,0,0
어우시,218,4,9456,41,0,0,0,1,0,0,0,quick,army,1,assassin,40,0,0,0,0
어우시(특공),218,4,9456,41,0,0,0,1,150,0,0,quick,army,1,assassin,40,0,0,0,0
흑수잔,219,4,10298,32,20,0,0,1,0,0,0,buster,unit,0,berserker,20,0,0,0,1
수BB,220,5,11182,20,30,50,0,1,0,250,0,buster,army,0,mooncancer,50,0,0,0,0
세이브,221,4,8017,20,20,0,0,1,0,0,0,arts,unit,0,saber,0,0,0,0,0
XX밥,222,4,9751,0,70,0,0,1,0,0,0,arts,unit,1,foreigner,30,0,0,0,0
XX밥(인류위협특공),222,4,9751,0,70,0,50,1,0,0,0,arts,unit,1,foreigner,30,1,0,0,0
XX밥(세이버특공),222,4,9751,0,70,0,0,1,200,0,0,arts,unit,1,foreigner,30,1,0,0,0
XX밥(2중특공),222,4,9751,0,70,0,50,1,200,0,0,arts,unit,1,foreigner,30,1,0,0,0
세딜묵,223,4,10048,28,20,0,0,1,0,0,0,quick,unit,0,saber,0,0,0,0,0
시토나이,224,5,11668,40,0,0,0,1,0,225,0,arts,unit,0,alterego,30,0,0,0,0
시토나이(공뻥),224,5,11668,40,20,0,0,1,0,225,0,arts,unit,0,alterego,30,0,1,0,0
시토나이(상성),224,5,11668,40,0,0,0,1,0,225,0,arts,unit,0,alterego,30,0,0,1,0
"시토나이(상성,공뻥)",224,5,11668,40,20,0,0,1,0,225,0,arts,unit,0,alterego,30,0,1,1,0
캐슈텐,225,4,9538,30,20,0,0,1,0,150,0,buster,unit,0,caster,0,0,0,0,1
캐슈텐(특공),225,4,9538,30,20,0,50,1,0,150,0,buster,unit,0,caster,0,1,0,0,1
항우,226,5,11613,30,0,20,0,1,0,0,0,quick,army,0,berserker,0,0,0,0,0
우미인,230,4,7970,50,30,0,0,1,0,0,0,buster,army,0,assassin,27,0,0,0,0
적토,231,3,6434,42,20,0,0,1,0,0,0,quick,army,0,rider,0,0,0,0,0
브라다만테,232,5,10833,30,0,20,0,1,0,0,0,quick,army,1,lancer,30,0,0,0,0
브라다만테(특공),232,5,10833,30,0,20,30,1,0,0,0,quick,army,1,lancer,30,0,0,0,0
산케찰,233,4,9687,30,20,0,0,1,0,250,0,buster,army,0,ruler,0,0,0,0,1
베니엔마,234,5,11607,10,40,0,0,1,0,0,0,arts,unit,0,saber,20,0,0,0,0
베니엔마(2중특공),234,5,11607,10,40,0,80,1,0,0,0,arts,unit,0,saber,20,1,0,0,0
베니엔마(특공),234,5,11607,10,40,0,40,1,0,0,0,arts,unit,0,saber,20,1,0,0,0
늙서문,235,5,11470,8,70,0,0,1,0,0,0,arts,unit,1,assassin,0,0,0,0,0
무라사키 시키부,237,5,11374,7,30,20,0,1,0,0,0,arts,army,0,caster,30,0,0,0,0
무라사키 시키부(마성특공),237,5,11374,7,30,20,30,1,150,0,0,arts,army,0,caster,30,1,0,0,0
무라사키 시키부(선OR혼돈특공),237,5,11374,7,30,20,30,1,0,0,0,arts,army,0,caster,30,1,0,0,0
무라사키 시키부(선혼돈특공),237,5,11374,7,30,20,60,1,0,0,0,arts,army,0,caster,30,1,0,0,0
무라사키 시키부(마성선OR혼돈특공),237,5,11374,7,30,20,60,1,150,0,0,arts,army,0,caster,30,1,0,0,0
무라사키 시키부(마성선혼돈특공),237,5,11374,7,30,20,90,1,150,0,0,arts,army,0,caster,30,1,0,0,0
킹프로테아,238,5,12835,31,40,0,0,1,0,250,0,buster,army,0,alterego,0,0,0,0,0
킹프로테아(상성),238,5,12835,31,40,0,0,1,0,250,0,buster,army,0,alterego,0,0,0,1,0
"킹프로테아(상성,1증식)",238,5,12835,51,40,10,0,1,0,250,0,buster,army,0,alterego,0,0,1,1,0
킹프로테아(1증식),238,5,12835,51,40,10,0,1,0,250,0,buster,army,0,alterego,0,0,1,0,0
"킹프로테아(상성,10증식)",238,5,12835,51,40,100,0,1,0,250,0,buster,army,0,alterego,0,0,1,1,0
킹프로테아(10증식),238,5,12835,51,40,100,0,1,0,250,0,buster,army,0,alterego,0,0,1,0,0
카마,239,5,11528,30,35,0,0,1,0,225,0,quick,unit,0,assassin,50,0,0,0,0
아스트라이아,242,4,9734,40,20,0,0,1,0,225,0,arts,unit,1,ruler,0,0,0,0,0
아스트라이아(특공),242,4,9734,40,20,0,0,1,150,225,0,arts,unit,1,ruler,0,1,0,0,0
그레이,243,4,9456,40,30,0,0,1,0,0,0,buster,army,1,assassin,20,0,0,0,1
그레이(특공),243,4,9456,40,30,0,100,1,0,0,0,buster,army,1,assassin,20,1,0,0,1
지나코,244,5,9166,0,80,30,0,1,0,175,0,arts,army,0,mooncancer,20,0,0,0,0
지나코(특공),244,5,9166,0,80,30,50,1,0,175,0,arts,army,0,mooncancer,20,1,0,0,0
라크슈미 바이,245,4,9949,8,20,20,0,1,0,200,0,quick,army,0,saber,0,0,0,0,0
윌리엄 텔,246,3,7384,30,0,0,0,1,0,0,0,arts,unit,0,archer,0,0,0,0,0
윌리엄 텔(특공),246,3,7384,30,0,0,0,1,200,0,0,arts,unit,0,archer,0,1,0,0,0
신준,247,5,11669,32,30,0,0,1,0,250,0,buster,army,0,berserker,30,0,0,0,0
신준(특공),247,5,11669,32,30,0,50,1,0,250,0,buster,army,0,berserker,30,1,0,0,0
아슈와타마,248,4,10249,35,0,0,0,1,0,210,0,buster,unit,0,archer,0,0,0,0,0
아슈와타마(2방깎),248,4,10249,35,40,0,0,1,0,210,0,buster,unit,0,archer,0,0,1,0,0
아슈와타마(HP1),248,4,10249,35,0,0,0,1,0,210,599.951,buster,unit,0,archer,0,0,1,0,0
"아슈와타마(HP1, 2방깎)",248,4,10249,35,40,0,0,1,0,210,599.951,buster,unit,0,archer,0,0,1,0,0
마왕놋부,250,5,12641,30,30,0,0,1,0,0,0,buster,army,0,avenger,30,0,0,0,0
마왕놋부(신성특공),250,5,12641,30,30,0,0,1,150,0,0,buster,army,0,avenger,30,1,0,0,0
마왕놋부(천특공),250,5,12641,30,30,0,50,1,0,0,0,buster,army,0,avenger,30,1,0,0,0
마왕놋부(2중특공),250,5,12641,30,30,0,50,1,150,0,0,buster,army,0,avenger,30,1,0,0,0
마왕놋부(3턴),250,5,12641,30,70,0,0,1,0,0,0,buster,army,0,avenger,30,0,1,0,0
"마왕놋부(3턴, 신성특공)",250,5,12641,30,70,0,0,1,150,0,0,buster,army,0,avenger,30,1,1,0,0
"마왕놋부(3턴, 천특공)",250,5,12641,30,70,0,50,1,0,0,0,buster,army,0,avenger,30,1,1,0,0
"마왕놋부(3턴, 2중특공)",250,5,12641,30,70,0,50,1,150,0,0,buster,army,0,avenger,30,1,1,0,0
모리 나가요시,251,3,7732,4,0,0,0,1,0,0,0,buster,unit,0,berserker,0,0,0,0,0
모리 나가요시(3공뻥),251,3,7732,4,45,0,0,1,0,0,0,buster,unit,0,berserker,0,0,0,0,0
나가오 카게토라,252,4,9617,30,20,0,0,1,0,150,0,arts,unit,0,lancer,0,0,0,0,1
로빈치,253,5,10883,31,0,30,0,1,0,0,0,arts,army,0,rider,10,0,0,0,0
이아손,254,1,5457,20,20,0,0,1,0,0,0,arts,army,1,saber,0,0,0,0,0
파리스,255,2,6523,0,40,0,0,1,0,0,0,quick,unit,0,archer,20,0,0,0,0
파리스(특공),255,2,6523,0,40,0,0,1,150,0,0,quick,unit,0,archer,20,1,0,0,0
가레스,256,2,5413,0,0,0,0,1,0,0,0,buster,unit,0,lancer,20,0,0,0,0
가레스(3공뻥),256,2,5413,0,60,0,0,1,0,0,0,buster,unit,0,lancer,20,0,1,0,0
가레스(9공뻥),256,2,5413,0,180,0,0,1,0,0,0,buster,unit,0,lancer,20,0,1,0,0
바솔로뮤,257,1,5461,24,17,17,0,1,0,0,0,quick,army,0,rider,10,0,0,0,0
바솔로뮤(특공),257,1,5461,24,17,17,0,1,150,0,0,quick,army,0,rider,10,0,0,0,0
진궁,258,2,6119,6,0,0,0,1,0,0,0,arts,army,3,caster,10,0,0,0,0
샤를롯트,259,1,5488,0,30,0,0,1,0,0,0,arts,unit,0,assassin,0,0,0,0,0
샤를롯트(아뻥),259,1,5488,30,30,0,0,1,0,0,0,arts,unit,0,assassin,0,0,1,0,0
샤를롯트(보뻥),259,1,5488,0,30,50,0,1,0,0,0,arts,unit,0,assassin,0,0,1,0,0
살로메,260,2,6884,0,20,0,0,1,0,0,0,arts,unit,0,berserker,0,0,0,0,0
살로메(특공),260,2,6884,0,20,0,50,1,0,0,0,arts,unit,0,berserker,0,1,0,0,0
물사시,261,5,12712,0,60,0,0,1,0,125,0,arts,army,0,berserker,0,0,0,0,0
수히메,262,4,8895,30,20,0,0,1,0,145,0,buster,army,0,archer,0,0,0,0,0
수밀라,263,4,9651,0,30,0,0,1,0,0,0,quick,army,0,rider,0,0,0,0,0
세쿠사이,264,4,9389,30,0,30,0,1,0,100,0,arts,unit,0,saber,20,0,0,0,1
룰창밥(1스공뻥),265,5,9593,20,70,0,0,1,0,0,0,buster,army,0,ruler,40,0,1,0,0
룰창밥,265,5,9593,20,40,0,0,1,0,0,0,buster,army,0,ruler,40,0,0,0,0
수멜트,266,4,9261,20,50,0,0,1,0,200,0,arts,army,0,lancer,0,0,0,0,0
수멜트(2아뻥),266,4,9261,40,50,0,0,1,0,200,0,arts,army,0,lancer,0,0,1,0,0
수키타,267,4,9337,50,0,20,0,1,0,0,0,quick,army,0,assassin,30,0,0,0,0
어슈타르(색뻥),268,5,12612,20,20,40,0,1,0,270,0,arts,army,0,avenger,50,0,1,0,0
어슈타르,268,5,12612,0,20,40,0,1,0,270,0,arts,army,0,avenger,50,0,0,0,0
어슈타르(색뻥),268,5,12612,20,20,40,0,1,0,270,0,buster,army,0,avenger,50,0,1,0,0
어슈타르,268,5,12612,0,20,40,0,1,0,270,0,buster,army,0,avenger,50,0,0,0,0
어슈타르(색뻥),268,5,12612,20,20,40,0,1,0,270,0,quick,army,0,avenger,50,0,1,0,0
어슈타르,268,5,12612,0,20,40,0,1,0,270,0,quick,army,0,avenger,50,0,0,0,0
캘러미티 제인,269,4,8996,20,30,0,0,1,0,0,0,quick,unit,0,archer,10,0,0,0,0
세톨포,270,5,11694,30,20,0,0,1,0,0,0,quick,unit,0,saber,0,0,0,0,0
산팅게,271,4,9858,0,20,30,0,1,0,0,0,quick,army,0,archer,0,0,0,0,1
만드리카르도,273,3,6756,40,20,0,0,1,0,0,0,arts,unit,0,rider,0,0,0,0,0
만드리카르도(2스),273,3,6756,40,70,0,0,1,0,0,0,arts,unit,0,rider,0,0,1,0,0
에우로페,274,5,11737,50,20,0,0,1,0,150,0,buster,army,0,rider,30,0,0,0,0
양귀비,275,5,12342,0,20,0,0,1,0,175,0,arts,unit,0,foreigner,0,0,0,0,0
양귀비(특공),275,5,12342,0,20,0,0,1,150,175,0,arts,unit,0,foreigner,0,1,0,0,0
양귀비(3스 3방깎),275,5,12342,0,50,0,0,1,0,175,0,arts,unit,0,foreigner,0,0,1,0,0
"양귀비(3스 3방깎, 특공)",275,5,12342,0,50,0,0,1,150,175,0,arts,unit,0,foreigner,0,1,1,0,0
세이 쇼나곤,276,5,12218,30,20,0,0,1,0,0,0,quick,army,0,archer,50,0,0,0,0
세이 쇼나곤(특공),276,5,12218,30,20,0,50,1,0,0,0,quick,army,0,archer,50,1,0,0,0
세이 쇼나곤(2중특공),276,5,12218,30,20,0,100,1,0,0,0,quick,army,0,archer,50,1,0,0,0
세이 쇼나곤(3중특공),276,5,12218,30,20,0,150,1,0,0,0,quick,army,0,archer,50,1,0,0,0
오디세우스,277,5,11795,30,0,30,0,1,0,0,0,arts,army,0,rider,30,0,0,0,0
디오스쿠로이,278,5,11840,20,15,15,0,1,0,225,0,arts,unit,0,saber,0,0,0,0,0
카이니스,279,4,9896,12,40,10,0,1,0,225,0,buster,army,0,lancer,0,0,0,0,0
카이니스(2스 2중),279,4,9896,12,80,10,0,1,0,225,0,buster,army,0,lancer,0,0,1,0,0
로물루스 퀴리누스(1로마),280,5,12273,39,20,0,0,1,120,235,0,buster,army,0,lancer,30,1,0,0,0
로물루스 퀴리누스(3로마),280,5,12273,39,20,0,0,1,160,235,0,buster,army,0,lancer,30,1,1,0,0
로물루스 퀴리누스(10로마),280,5,12273,39,20,0,0,1,300,235,0,buster,army,0,lancer,30,1,1,0,0
보이저,281,5,10450,50,0,20,0,1,0,0,0,quick,army,1,foreigner,50,0,0,0,0
보이저(특공),281,5,10450,50,0,20,0,1,150,0,0,quick,army,1,foreigner,50,1,0,0,0
보이저(퀵깎),281,5,10450,70,0,20,0,1,0,0,0,quick,army,1,foreigner,50,0,1,0,0
"보이저(퀵깎,특공)",281,5,10450,70,0,20,0,1,150,0,0,quick,army,1,foreigner,50,1,1,0,0
귀녀 코요,282,4,9177,40,25,0,0,1,0,0,0,buster,unit,0,berserker,0,0,0,0,0
에리세,283,4,9122,30,0,0,0,1,0,100,0,arts,army,0,lancer,0,0,0,0,1
에리세(특공),283,4,9122,30,0,0,30,1,0,100,0,arts,army,0,lancer,0,1,0,0,1
수아라,285,5,11128,32,20,32,0,1,0,0,0,arts,army,0,mooncancer,30,0,0,0,0
수아라(특공),285,5,11128,32,20,32,0,1,120,0,0,arts,army,0,mooncancer,30,1,0,0,0
수아라(3스 2랭업),285,5,11128,42,30,32,0,1,0,0,0,arts,army,0,mooncancer,30,0,1,0,0
"수아라(3스 2랭업, 특공)",285,5,11128,42,30,32,0,1,160,0,0,arts,army,0,mooncancer,30,1,1,0,0
수리야,286,4,10098,30,20,0,0,1,0,0,0,quick,army,0,archer,0,0,0,0,0
수브륜,287,4,10197,53.5,0,0,0,1,0,100,0,buster,army,0,berserker,0,0,0,0,0
수미인,288,4,9896,20,0,0,0,1,0,0,0,quick,unit,0,lancer,20,0,0,0,1
수미인(특공),288,4,9896,20,0,0,0,1,150,0,0,quick,unit,0,lancer,20,1,0,0,1
수비게일,289,5,11781,39,20,0,0,1,0,185,0,buster,army,0,foreigner,50,0,0,0,0
"수비게일(1스, 3스)",289,5,11787,69,70,0,0,1,0,185,0,buster,army,0,foreigner,50,0,1,0,0
수모에,290,4,9544,50,0,0,0,1,0,0,0,arts,army,0,saber,0,0,0,0,0
수키부,291,4,8730,30,30,0,0,1,0,0,0,arts,unit,1,rider,0,0,0,0,0
수키부(특공),291,4,8730,30,30,0,0,1,150,0,0,arts,unit,1,rider,0,0,0,0,0
하지메,293,4,9425,40,30,0,0,1,0,0,0,arts,unit,0,saber,0,0,0,0,0
네모,296,5,11427,20,12,22,0,1,0,200,0,arts,unit,0,rider,0,0,0,0,0
네모(물가or허수),296,5,11427,40,32,42,0,1,0,200,0,arts,unit,0,rider,0,0,1,0,0
네모(특공),296,5,11427,20,12,22,0,1,150,200,0,arts,unit,0,rider,0,1,0,0,0
"네모(물가or허수, 특공)",296,5,11427,40,32,42,0,1,150,200,0,arts,unit,0,rider,0,1,1,0,0
도만,297,5,12252,0,70,0,0,1,0,0,0,quick,army,0,alterego,80,0,0,0,0
도만(상성),297,5,12252,0,70,0,0,1,0,0,0,quick,army,0,alterego,80,0,0,1,0
츠나,298,4,10123,40,0,0,0,1,0,0,0,buster,unit,0,saber,0,0,0,0,0
츠나(마성특공),298,4,10123,40,0,0,20,1,0,0,0,buster,unit,0,saber,0,1,0,0,0
츠나(오니특공),298,4,10123,40,0,0,0,1,200,0,0,buster,unit,0,saber,0,1,0,0,0
츠나(2중특공),298,4,10123,40,0,0,20,1,200,0,0,buster,unit,0,saber,0,1,0,0,0
이부키도지,299,5,12709,42,40,0,0,1,0,250,0,buster,army,0,saber,50,0,0,0,0
이부키도지(특공),299,5,12709,42,40,0,50,1,0,250,0,buster,army,0,saber,50,1,0,0,0
브리트라,300,5,12332,30,0,20,0,1,0,180,0,arts,army,0,lancer,30,0,0,0,0
브리트라(특공),300,5,12332,30,0,20,30,1,0,180,0,arts,army,0,lancer,30,1,0,0,0
산르나,301,4,9180,50,0,0,0,1,0,200,0,quick,unit,0,saber,20,0,0,0,1
시로마사,302,5,11373,70,0,10,0,1,0,180,0,arts,army,0,saber,50,0,0,0,0
시로마사(특공),302,5,11373,70,0,10,20,1,0,180,0,arts,army,0,saber,50,1,0,0,0
카케키요,303,5,12705,0,30,0,0,1,0,0,0,quick,unit,0,avenger,30,0,0,0,0
카케키요(특공),303,5,12705,0,30,0,200,1,0,0,0,quick,unit,0,avenger,30,1,0,0,0
카케키요(4복수),303,5,12705,0,30,0,0,1,200,0,0,quick,unit,0,avenger,30,0,1,0,0
"카케키요(4복수,특공)",303,5,12705,0,30,0,200,1,200,0,0,quick,unit,0,avenger,30,1,1,0,0
키이치 호겐,304,4,9434,40,20,0,0,1,0,0,0,quick,army,0,assassin,20,0,0,0,1
카렌,305,5,11351,20,20,10,0,1,0,0,0,quick,army,1,ruler,50,0,0,0,0
카렌(약체상태),305,5,11351,20,40,10,0,1,0,0,0,quick,army,1,ruler,50,0,1,0,0
카렌(특공),305,5,11351,20,20,10,0,1,150,0,0,quick,army,1,ruler,50,1,0,0,0
"카렌(특공,약체상태)",305,5,11351,20,40,10,0,1,150,0,0,quick,army,1,ruler,50,1,1,0,0
갈라테아,306,5,11414,30,0,20,0,1,0,0,0,arts,unit,0,berserker,20,0,0,0,0
포오스,308,4,9045,50,20,0,0,1,0,0,0,quick,army,0,foreigner,0,0,0,0,1
포오스(기계특공),308,4,9045,50,20,0,50,1,0,0,0,quick,army,0,foreigner,0,1,0,0,1
포오스(악특공),308,4,9045,50,20,0,0,1,150,0,0,quick,army,0,foreigner,0,1,0,0,1
포오스(2중특공),308,4,9045,50,20,0,50,1,150,0,0,quick,army,0,foreigner,0,1,0,0,1
모르건,309,5,12293,8,50,0,0,1,0,0,0,buster,army,0,berserker,50,0,0,0,0
모르건(원탁요정특공),309,5,12293,8,50,0,50,1,0,0,0,buster,army,0,berserker,50,1,0,0,0
모르건(인특공),309,5,12293,8,50,0,0,1,150,0,0,buster,army,0,berserker,50,1,0,0,0
모르건(2중특공),309,5,12293,8,50,0,50,1,150,0,0,buster,army,0,berserker,50,1,0,0,0
바게스트,310,4,8721,61,18,0,0,1,0,0,0,buster,army,0,saber,0,0,0,0,0
바게스트(태양),310,4,8721,89,18,0,0,1,0,0,0,buster,army,0,saber,0,0,1,0,0
바오반 시,311,4,9455,50,0,0,0,1,0,0,0,quick,unit,0,archer,80,0,0,0,0
멜리진(대군),312,5,12154,20,40,0,0,1,0,0,0,buster,army,0,lancer,130,0,0,0,0
"멜리진(대군, 3스)",312,5,12154,20,40,30,0,1,0,0,0,buster,army,0,lancer,130,0,1,0,0
멜리진(대인),312,5,12154,9,40,0,0,1,0,0,0,arts,unit,0,lancer,30,0,0,0,0
퍼시벌,313,4,9168,30,0,40,0,1,0,0,0,arts,army,0,lancer,20,0,0,0,0
코얀스카야,314,5,11616,50,20,20,0,1,0,0,0,buster,army,0,assassin,50,0,0,0,0
코얀스카야(특공),314,5,11616,50,20,20,50,1,0,0,0,buster,army,0,assassin,50,1,0,0,0
코얀스카야(2중특공),314,5,11616,50,20,20,100,1,0,0,0,buster,army,0,assassin,50,1,0,0,0
하베트롯,315,4,8642,30,0,30,0,1,0,0,0,arts,army,0,rider,80,0,0,0,0
오베론,316,5,11810,50,0,30,0,2,0,0,0,buster,army,0,pretender,70,0,0,0,0
오베론(특공),316,5,11810,50,0,30,0,2,150,0,0,buster,army,0,pretender,70,1,0,0,0
오베론(상성),316,5,11810,50,0,30,0,2,0,0,0,buster,army,0,pretender,70,0,0,1,0
"오베론(상성,특공)",316,5,11810,50,0,30,0,2,150,0,0,buster,army,0,pretender,70,1,0,1,0
수앵얼,317,5,12465,40,30,0,0,1,0,0,0,quick,army,0,saber,30,0,0,0,0
수아나,318,4,9542,50,0,20,0,1,0,0,0,arts,unit,0,archer,50,0,0,0,0
수르데,319,4,8417,35,0,20,0,1,0,0,0,arts,unit,0,caster,30,0,0,0,0
수르데(특공),319,4,8417,35,0,20,0,1,150,0,0,arts,unit,0,caster,30,1,0,0,0
수빈치,320,4,9157,20,0,45,0,1,0,0,0,buster,unit,0,ruler,30,0,0,0,1
수카마,321,5,13213,30,0,20,0,1,0,225,0,arts,army,0,avenger,50,0,0,0,0
수카마(특공),321,5,13213,30,0,20,0,1,150,225,0,arts,army,0,avenger,50,1,0,0,0
수이니스,322,4,9506,30,20,20,0,1,0,225,0,buster,unit,0,rider,0,0,0,0,0
수이니스(물가),322,4,9506,30,40,20,0,1,0,225,0,buster,unit,0,rider,0,0,1,0,0
수나곤,323,4,9942,0,30,0,0,1,0,0,0,quick,unit,0,berserker,20,0,0,0,0
수나곤(특공),323,4,9942,0,30,0,50,1,0,0,0,quick,unit,0,berserker,20,1,0,0,0
수나곤(2중특공),323,4,9942,0,30,0,100,1,0,0,0,quick,unit,0,berserker,20,1,0,0,0
수나곤(3중특공),323,4,9942,0,30,0,150,1,0,0,0,quick,unit,0,berserker,20,1,0,0,0
쟈크 드 모레,324,5,10868,20,20,20,0,1,0,175,0,quick,army,0,foreigner,50,0,0,0,0
쟈크 드 모레(특공),324,5,10868,20,20,20,50,1,0,175,0,quick,army,0,foreigner,50,1,0,0,0
제노비아,325,4,9831,30,30,0,0,1,0,0,0,arts,army,0,archer,0,0,0,0,0
제노비아(특공),325,4,9831,30,30,0,0,1,150,0,0,arts,army,0,archer,0,1,0,0,0
라토리,326,4,9166,30,20,0,0,1,0,0,0,buster,unit,0,rider,30,0,0,0,1
라토리(특공),326,4,9166,30,20,0,50,1,0,0,0,buster,unit,0,rider,30,1,0,0,1
이즈모노 오쿠니,327,5,11374,50,0,0,0,1,0,0,0,quick,unit,0,caster,50,0,0,0,0
이즈모노 오쿠니(특공),327,5,11374,50,0,0,0,1,150,0,0,quick,unit,0,caster,50,1,0,0,0
란마루,328,4,9872,33,20,0,0,1,0,0,0,arts,army,0,avenger,20,0,0,0,1
랜료마,329,5,10753,50,0,20,0,1,0,0,0,arts,army,0,lancer,50,0,0,0,0
태공망,331,5,11651,26,15,15,0,1,0,0,0,quick,army,0,rider,50,0,0,0,0
태공망(신성특공),331,5,11651,26,15,15,50,1,150,0,0,quick,army,0,rider,50,1,0,0,0
태공망(마성특공),331,5,11651,26,15,15,50,1,0,0,0,quick,army,0,rider,50,1,0,0,0
태공망(2중특공),331,5,11651,26,15,15,100,1,150,0,0,quick,army,0,rider,50,1,0,0,0
니키치치,332,4,9795,50,0,0,0,1,0,0,0,buster,army,0,rider,20,0,0,0,0
니키치치(특공),332,4,9795,50,0,0,80,1,0,0,0,buster,army,0,rider,20,1,0,0,0
어둠코얀,334,5,11220,30,50,0,0,1,0,0,0,buster,army,0,foreigner,30,0,0,0,0
어둠코얀(지특공),334,5,11220,30,50,0,0,1,150,0,0,buster,army,0,foreigner,30,1,0,0,0
"어둠코얀(지특공,2오버)",334,5,11220,30,50,0,0,1,175,0,0,buster,army,0,foreigner,30,1,0,0,0
어둠코얀(짐승특공),334,5,11220,30,50,0,20,1,0,0,0,buster,army,0,foreigner,30,1,0,0,0
어둠코얀(2중특공),334,5,11220,30,50,0,20,1,150,0,0,buster,army,0,foreigner,30,1,0,0,0
"어둠코얀(2중특공,2오버)",334,5,11220,30,50,0,20,1,175,0,0,buster,army,0,foreigner,30,1,0,0,0
헤파이스티온,335,4,9879,42,0,20,0,1,0,0,0,arts,unit,0,pretender,120,0,0,0,0
헤파이스티온(상성),335,4,9879,42,0,20,0,1,0,0,0,arts,unit,0,pretender,120,0,0,1,0
쯩 자매,337,5,11898,15,30,0,0,1,0,150,0,arts,unit,0,saber,30,0,0,0,0
태세성군,338,4,9271,20,0,30,0,1,0,195,0,arts,army,0,alterego,30,0,0,0,1
태세성군(특공),338,4,9271,20,0,30,0,1,150,195,0,arts,army,0,alterego,30,1,0,0,1
태세성군(상성),338,4,9271,20,0,30,0,1,0,195,0,arts,army,0,alterego,30,0,0,1,1
"태세성군(상성,특공)",338,4,9271,20,0,30,0,1,150,195,0,arts,army,0,alterego,30,1,0,1,1
슈퍼 버니언,339,5,11545,20,30,0,0,1,0,0,0,buster,unit,0,alterego,30,0,0,0,0
슈퍼 버니언(2좋아요),339,5,11545,20,30,0,0,1,110,0,0,buster,unit,0,alterego,30,0,1,0,0
슈퍼 버니언(10좋아요),339,5,11545,20,30,0,0,1,150,0,0,buster,unit,0,alterego,30,0,1,0,0
슈퍼 버니언(상성),339,5,11545,20,30,0,0,1,0,0,0,buster,unit,0,alterego,30,0,0,1,0
"슈퍼 버니언(상성,2좋아요)",339,5,11545,20,30,0,0,1,110,0,0,buster,unit,0,alterego,30,0,1,1,0
"슈퍼 버니언(상성,10좋아요)",339,5,11545,20,30,0,0,1,150,0,0,buster,unit,0,alterego,30,0,1,1,0
대흑천,340,4,8629,50,0,0,0,1,0,95,0,quick,army,0,caster,30,0,0,0,0
대흑천(특공),340,4,8629,50,0,0,0,1,150,95,0,quick,army,0,caster,30,1,0,0,0
메리 애닝,341,1,5574,25,15,0,0,1,0,0,0,arts,army,0,lancer,10,0,0,0,0
샤를마뉴,343,5,12015,40,20,0,0,1,0,0,0,quick,army,0,saber,30,0,0,0,0
샤를마뉴(특공),343,5,12015,40,20,0,30,1,0,0,0,quick,army,0,saber,30,1,0,0,0
샤를마뉴(12왕용),343,5,12015,40,20,0,0,1,220,0,0,quick,army,0,saber,30,0,1,0,0
"샤를마뉴(특공,12왕용)",343,5,12015,40,20,0,30,1,220,0,0,quick,army,0,saber,30,1,1,0,0
롤랑,344,4,9687,30,20,0,0,1,0,0,0,buster,unit,0,saber,30,0,0,0,0
크림힐트,345,4,10400,30,20,0,0,1,0,0,0,arts,unit,0,berserker,50,0,0,0,0
크림힐트(혼돈특공),345,4,10400,30,20,0,50,1,0,0,0,arts,unit,0,berserker,50,1,0,0,0
크림힐트(용특공),345,4,10400,30,20,0,0,1,150,0,0,arts,unit,0,berserker,50,1,0,0,0
크림힐트(2중특공),345,4,10400,30,20,0,50,1,150,0,0,arts,unit,0,berserker,50,1,0,0,0
모리어티 릴리,346,5,10450,55,0,25,0,1,0,0,0,arts,army,0,ruler,50,0,0,0,0
모리어티 릴리(악),346,5,10450,75,0,25,0,1,0,0,0,arts,army,0,ruler,50,0,1,0,0
모리어티 릴리(특공),346,5,10450,55,0,25,0,1,150,0,0,arts,army,0,ruler,50,1,0,0,0
"모리어티 릴리(악,특공)",346,5,10450,75,0,25,0,1,150,0,0,arts,army,0,ruler,50,1,1,0,0
돈 키호테,347,4,8643,22,20,0,0,1,0,0,0,quick,unit,0,lancer,0,0,0,0,0
돈 키호테(특공),347,4,8643,22,20,0,0,1,150,0,0,quick,unit,0,lancer,0,0,0,0,0
장각,348,3,6744,20,0,10,0,1,0,0,0,quick,army,0,caster,50,0,0,0,0
장각(숲),348,3,6744,40,0,10,0,1,0,0,0,quick,army,0,caster,50,0,1,0,0
바킨,349,5,10723,50,0,20,0,1,0,150,0,arts,army,0,rider,30,0,0,0,0
바킨(2아츠평타),349,5,10723,50,10,20,0,1,0,150,0,arts,army,0,rider,30,0,1,0,0
바킨(마성특공),349,5,10723,50,0,20,30,1,0,150,0,arts,army,0,rider,30,1,0,0,0
"바킨(마성특공,2아츠평타)",349,5,10723,50,10,20,30,1,0,150,0,arts,army,0,rider,30,1,1,0,0
바킨(악특공),349,5,10723,50,0,20,0,1,150,150,0,arts,army,0,rider,30,1,0,0,0
"바킨(악특공,2아츠평타)",349,5,10723,50,10,20,0,1,150,150,0,arts,army,0,rider,30,1,1,0,0
바킨(2중특공),349,5,10723,50,0,20,30,1,150,150,0,arts,army,0,rider,30,1,0,0,0
"바킨(2중특공,2아츠평타)",349,5,10723,50,10,20,30,1,150,150,0,arts,army,0,rider,30,1,1,0,0
타메토모,350,5,12465,50,0,0,0,1,0,0,0,buster,army,0,archer,30,0,0,0,0
타메토모(특공),350,5,12465,50,0,0,0,1,150,0,0,buster,army,0,archer,30,1,0,0,0
타메토모(물가),350,5,12465,70,0,0,0,1,0,0,0,buster,army,0,archer,30,0,1,0,0
"타메토모(특공,물가)",350,5,12465,70,0,0,0,1,150,0,0,buster,army,0,archer,30,1,1,0,0
"타메토모(물가,거츠,5턴)",350,5,12465,70,0,120,0,1,0,0,0,buster,army,0,archer,30,0,1,0,0
"타메토모(특공,물가,거츠,5턴)",350,5,12465,70,0,120,0,1,150,0,0,buster,army,0,archer,30,1,1,0,0
알퀘이드,351,5,11601,30,50,20,0,1,0,0,0,buster,army,0,mooncancer,100,0,0,0,0
알퀘이드(특공),351,5,11601,30,50,20,0,1,0,0,0,buster,army,6,mooncancer,100,1,0,0,0
수레스,354,4,8119,50,30,0,0,1,0,0,0,buster,army,0,saber,20,0,0,0,0
수부키,355,5,12961,30,20,0,0,1,0,200,0,arts,army,0,berserker,50,0,0,0,0
수부키(특공),355,5,12961,30,20,0,0,1,150,200,0,arts,army,0,berserker,50,1,0,0,0
수리세,356,4,10239,40,0,0,0,1,0,100,0,arts,unit,0,avenger,30,0,0,0,0
수리세(서번트특공),356,4,10239,40,0,0,35,1,0,100,0,arts,unit,0,avenger,30,1,0,0,0
수리세(저주특공),356,4,10239,40,0,0,0,1,150,100,0,arts,unit,0,avenger,30,1,1,0,0
수리세(2중특공),356,4,10239,40,0,0,35,1,150,100,0,arts,unit,0,avenger,30,1,1,0,0
룰카디,357,5,10868,65,20,0,0,1,0,250,0,quick,army,0,ruler,50,0,0,0,0
룰카디(물가),357,5,10868,65,20,30,0,1,0,250,0,quick,army,0,ruler,50,0,1,0,0
룰카디(특공),357,5,10868,65,20,0,0,1,150,250,0,quick,army,0,ruler,50,1,0,0,0
"룰카디(물가,특공)",357,5,10868,65,20,30,0,1,150,250,0,quick,army,0,ruler,50,1,1,0,0
수측천,358,4,9492,15,15,10,0,1,0,0,0,buster,army,0,caster,20,0,0,0,0
수측천(사령특공),358,4,9492,15,15,10,30,1,0,0,0,buster,army,0,caster,20,1,0,0,0
수측천(인특공),358,4,9492,15,15,10,0,1,150,0,0,buster,army,0,caster,20,1,0,0,0
수측천(2중특공),358,4,9492,15,15,10,30,1,150,0,0,buster,army,0,caster,20,1,0,0,0
수키리,359,4,9741,20,20,0,0,1,0,200,0,arts,army,0,assassin,20,0,0,0,1
수키리(특공),359,4,9741,20,20,0,0,1,150,200,0,arts,army,0,assassin,20,1,0,0,1
센노 리큐,362,5,12463,20,10,0,0,1,0,0,0,quick,army,0,berserker,30,0,0,0,0
센노 리큐(특공),362,5,12463,20,10,0,0,1,175,0,0,quick,army,0,berserker,30,0,0,0,0
이요,364,4,8977,38,20,10,0,1,0,0,0,arts,army,0,ruler,30,0,0,0,1
이요(특공),364,4,8977,38,20,10,50,1,0,0,0,arts,army,0,ruler,30,0,0,0,1
호연작,365,5,11004,58,30,0,0,1,0,0,0,quick,army,0,assassin,30,0,0,0,0
호연작(특공),365,5,11004,58,30,0,0,1,150,0,0,quick,army,0,assassin,30,1,0,0,0
황비호,366,4,8817,30,30,0,0,1,0,150,0,buster,unit,0,rider,0,0,0,0,0
구문룡 엘리제,367,4,9639,30,20,10,0,1,0,0,0,buster,army,0,pretender,20,0,0,0,1
구문룡 엘리제(상성),367,4,9639,30,20,10,0,1,0,0,0,buster,army,0,pretender,20,0,0,1,1
브리토마트,368,5,11858,30,0,0,0,1,0,0,0,quick,army,0,lancer,30,0,0,0,0
브리토마트(기승특공),368,5,11858,30,0,0,50,1,0,0,0,quick,army,0,lancer,30,1,0,0,0
브리토마트(라이더특공),368,5,11858,30,0,0,0,1,150,0,0,quick,army,0,lancer,30,1,0,0,0
브리토마트(2중특공),368,5,11858,30,0,0,50,1,150,0,0,quick,army,0,lancer,30,1,0,0,0
라스푸틴,369,5,11107,48,30,0,0,1,0,0,0,arts,army,0,alterego,50,0,0,0,0
라스푸틴(특공),369,5,11107,48,30,0,0,1,150,0,0,arts,army,0,alterego,50,1,0,0,0
라스푸틴(거츠발동),369,5,11107,48,30,20,0,1,0,0,0,arts,army,0,alterego,50,0,1,0,0
"라스푸틴(거츠발동,특공)",369,5,11107,48,30,20,0,1,150,0,0,arts,army,0,alterego,50,1,1,0,0
라스푸틴(상성),369,5,11107,48,30,0,0,1,0,0,0,arts,army,0,alterego,50,0,0,1,0
"라스푸틴(상성,특공)",369,5,11107,48,30,0,0,1,150,0,0,arts,army,0,alterego,50,1,0,1,0
"라스푸틴(상성,거츠발동)",369,5,11107,48,30,20,0,1,0,0,0,arts,army,0,alterego,50,0,1,1,0
"라스푸틴(상성,거츠발동,특공)",369,5,11107,48,30,20,0,1,150,0,0,arts,army,0,alterego,50,1,1,1,0
니토크리스 얼터,370,5,12612,50,0,10,0,1,0,250,0,arts,army,0,avenger,100,0,0,0,0
니토크리스 얼터(특공),370,5,12612,50,0,10,0,1,150,250,0,arts,army,0,avenger,100,1,0,0,0
테스카틀리포카,371,5,10982,40,40,20,0,1,0,150,0,arts,army,0,assassin,50,0,0,0,0
테스카틀리포카(특공),371,5,10982,40,40,20,50,1,0,150,0,arts,army,0,assassin,50,1,0,0,0
테스카틀리포카(2중특공),371,5,10982,40,40,20,100,1,0,150,0,arts,army,0,assassin,50,1,0,0,0
틀랄록,372,4,8721,30,20,20,0,1,0,210,0,quick,army,0,pretender,30,0,0,0,0
틀랄록(방깎),372,4,8721,30,70,20,0,1,0,210,0,quick,army,0,pretender,30,0,1,0,0
틀랄록(상성),372,4,8721,30,20,20,0,1,0,210,0,quick,army,0,pretender,30,0,0,1,0
"틀랄록(상성,방깎)",372,4,8721,30,70,20,0,1,0,210,0,quick,army,0,pretender,30,0,1,1,0
쿠쿨칸,373,5,12584,30,20,0,0,1,0,0,0,buster,army,0,foreigner,50,0,0,0,0
쿠쿨칸(스타소비),373,5,12584,30,50,30,0,1,0,0,0,buster,army,0,foreigner,50,0,1,0,0
쿠쿨칸(인류특공),373,5,12584,30,20,0,50,1,0,0,0,buster,army,0,foreigner,50,1,0,0,0
"쿠쿨칸(스타소비,인류특공)",373,5,12584,30,50,30,50,1,0,0,0,buster,army,0,foreigner,50,1,1,0,0
쿠쿨칸(지특공),373,5,12584,30,20,0,0,1,150,0,0,buster,army,0,foreigner,50,1,0,0,0
"쿠쿨칸(스타소비,지특공)",373,5,12584,30,50,30,0,1,150,0,0,buster,army,0,foreigner,50,1,1,0,0
쿠쿨칸(2중특공),373,5,12584,30,20,0,50,1,150,0,0,buster,army,0,foreigner,50,1,0,0,0
"쿠쿨칸(스타소비,2중특공)",373,5,12584,30,50,30,50,1,150,0,0,buster,army,0,foreigner,50,1,1,0,0
여교황 요한나,374,5,10126,30,20,0,0,1,0,0,0,arts,army,0,ruler,30,0,0,0,0
여교황 요한나(악특공),374,5,10126,30,20,0,50,1,0,0,0,arts,army,0,ruler,30,1,0,0,0
여교황 요한나(인특공),374,5,10126,30,20,0,0,1,150,0,0,arts,army,0,ruler,30,1,0,0,0
여교황 요한나(2중특공),374,5,10126,30,20,0,50,1,150,0,0,arts,army,0,ruler,30,1,0,0,0
타카스기 신사쿠,375,5,12218,45,30,0,0,1,0,0,0,quick,army,0,archer,30,0,0,0,0
라바 티아마트,376,5,11444,60,30,20,0,1,0,300,0,buster,army,0,alterego,60,0,0,0,0
라바 티아마트(상성),376,5,11444,60,30,20,0,1,0,300,0,buster,army,0,alterego,60,0,0,1,0
드라코,377,5,12712,0,40,0,0,1,0,0,0,arts,unit,0,draco,0,0,0,0,0
드라코(7기사특공),377,5,12712,0,40,0,0,1,150,0,0,arts,unit,0,draco,0,1,0,0,0
드라코(3스특공),377,5,12712,0,40,0,40,1,0,0,0,arts,unit,0,draco,0,1,0,0,0
드라코(3스2중특공),377,5,12712,0,40,0,80,1,0,0,0,arts,unit,0,draco,0,1,0,0,0
"드라코(7기사,3스특공)",377,5,12712,0,40,0,40,1,150,0,0,arts,unit,0,draco,0,1,0,0,0
"드라코(7기사,3스2중특공)",377,5,12712,0,40,0,80,1,150,0,0,arts,unit,0,draco,0,1,0,0,0
"드라코(상성,7기사특공)",377,5,12712,0,40,0,0,1,150,0,0,arts,unit,0,draco,0,1,0,1,0
"드라코(상성,7기사,3스특공)",377,5,12712,0,40,0,40,1,150,0,0,arts,unit,0,draco,0,1,0,1,0
"드라코(상성,7기사,3스2중특공)",377,5,12712,0,40,0,80,1,150,0,0,arts,unit,0,draco,0,1,0,1,0
로쿠스타,378,4,8890,40,0,0,0,1,0,0,0,arts,unit,0,assassin,20,0,0,0,0
"로쿠스타(특공,1독)",378,4,8890,40,0,0,0,1,115,0,0,arts,unit,0,assassin,20,1,0,0,0
"로쿠스타(특공,10독)",378,4,8890,40,0,0,0,1,250,0,0,arts,unit,0,assassin,20,1,0,0,0
세탄타,379,4,9999,20,20,0,0,1,0,175,0,quick,unit,0,saber,0,0,0,0,1
세탄타(특공),379,4,9999,20,20,0,100,1,0,175,0,quick,unit,0,saber,0,1,0,0,1
카신코지,380,5,11674,36,20,0,0,1,0,0,0,quick,army,0,assassin,30,0,0,0,0
카신코지(특공),380,5,11674,36,20,0,0,1,150,0,0,quick,army,0,assassin,30,1,0,0,0
비마,381,5,12302,30,30,0,0,1,0,175,0,buster,unit,0,lancer,30,0,0,0,0
두료다나,382,4,9409,50,20,0,0,1,0,0,0,arts,army,0,berserker,0,0,0,0,0
두르가,383,5,12835,30,0,30,0,1,0,225,0,arts,army,0,archer,50,0,0,0,0
두르가(천특공),383,5,12835,30,0,30,50,1,0,225,0,arts,army,0,archer,50,1,0,0,0
두르가(마성특공),383,5,12835,30,0,30,0,1,162.5,225,0,arts,army,0,archer,50,1,0,0,0
두르가(2중특공),383,5,12835,30,0,30,50,1,162.5,225,0,arts,army,0,archer,50,1,0,0,0
세두사,384,5,12015,20,20,0,0,1,0,120,0,quick,unit,0,saber,50,0,0,0,0
세두사(특공),384,5,12015,20,20,0,0,1,150,120,0,quick,unit,0,saber,50,0,0,0,0
토네리코,385,5,11828,30,20,20,0,1,0,0,0,buster,army,0,caster,50,0,0,0,0
토네리코(3스),385,5,11828,30,20,50,0,1,0,0,0,buster,army,0,caster,50,0,1,0,0
토네리코(HP25퍼),385,5,11828,30,60,20,0,1,0,0,0,buster,army,0,caster,50,0,1,0,0
"토네리코(3스,HP25퍼)",385,5,11828,30,60,50,0,1,0,0,0,buster,army,0,caster,50,0,1,0,0
토네리코(HP99퍼),385,5,11828,30,30,20,0,1,0,0,0,buster,army,0,caster,50,0,1,0,0
"토네리코(3스,HP99퍼)",385,5,11828,30,30,50,0,1,0,0,0,buster,army,0,caster,50,0,1,0,0
토네리코(특공),385,5,11828,30,20,20,0,1,0,0,0,buster,army,6,caster,50,1,0,0,0
"토네리코(3스,특공)",385,5,11828,30,20,50,0,1,0,0,0,buster,army,6,caster,50,1,1,0,0
"토네리코(HP25퍼,특공)",385,5,11828,30,60,20,0,1,0,0,0,buster,army,6,caster,50,1,1,0,0
"토네리코(3스,HP25퍼,특공)",385,5,11828,30,60,50,0,1,0,0,0,buster,army,6,caster,50,1,1,0,0
"토네리코(HP99퍼,특공)",385,5,11828,30,30,20,0,1,0,0,0,buster,army,6,caster,50,1,1,0,0
"토네리코(3스,HP99퍼,특공)",385,5,11828,30,30,50,0,1,0,0,0,buster,army,6,caster,50,1,1,0,0
수캐밥,386,5,12134,50,0,0,0,1,0,0,0,arts,unit,0,berserker,50,0,0,0,0
수캐밥(인류위협특공),386,5,12134,50,0,0,0,1,150,0,0,arts,unit,0,berserker,50,0,0,0,0
수캐밥(혼돈OR신성특공),386,5,12134,50,0,0,75,1,0,0,0,arts,unit,0,berserker,50,1,0,0,0
"수캐밥(1보구,1스킬특공)",386,5,12134,50,0,0,75,1,150,0,0,arts,unit,0,berserker,50,1,0,0,0
수캐밥(2스킬특공),386,5,12134,50,0,0,150,1,0,0,0,arts,unit,0,berserker,50,1,0,0,0
수캐밥(3중특공),386,5,12134,50,0,0,150,1,150,0,0,arts,unit,0,berserker,50,1,0,0,0
수즈카고젠,387,4,9349,30,20,20,0,1,0,200,0,quick,army,0,rider,30,0,0,0,0
수즈카고젠(지특공),387,4,9349,30,20,20,0,1,150,200,0,quick,army,0,rider,30,1,0,0,0
수즈카고젠(질서특공),387,4,9349,30,20,20,30,1,0,200,0,quick,army,0,rider,30,1,0,0,0
수즈카고젠(2중특공),387,4,9349,30,20,20,30,1,150,200,0,quick,army,0,rider,30,1,0,0,0
수로에,388,4,9823,30,0,20,0,1,0,0,0,quick,unit,0,avenger,0,0,0,0,0
수로에(10원고완성),388,4,9823,30,0,20,0,1,200,0,0,quick,unit,0,avenger,0,0,1,0,0
노크나레아,389,4,9225,20,20,20,0,1,0,0,0,arts,army,0,foreigner,0,0,1,0,1
수리진,390,5,11495,30,20,30,0,1,0,0,0,arts,army,0,ruler,80,0,0,0,0
수리진(혼돈특공),390,5,11495,30,20,30,30,1,0,0,0,arts,army,0,ruler,80,1,0,0,0
수리진(지특공),390,5,11495,30,20,30,0,1,150,0,0,arts,army,0,ruler,80,1,0,0,0
수리진(2중특공),390,5,11495,30,20,30,30,1,150,0,0,arts,army,0,ruler,80,1,0,0,0
수게스트(대군),391,4,8851,20,30,30,0,1,0,0,0,arts,army,0,archer,30,0,0,0,0
"수게스트(대군,3성이하아군)",391,4,8851,20,50,30,0,1,0,0,0,arts,army,0,archer,30,0,0,0,0
수게스트(대인),391,4,8851,20,30,30,0,1,0,0,0,arts,unit,0,archer,30,0,0,0,0
"수게스트(대인,3성이하아군)",391,4,8851,20,50,30,0,1,0,0,0,arts,unit,0,archer,30,0,0,0,0
수반시,392,4,9831,20,20,20,0,1,0,0,0,buster,army,0,pretender,30,0,0,0,0
수반시(특공),392,4,9831,20,20,20,0,1,150,0,0,buster,army,0,pretender,30,1,0,0,0
완지나,393,5,12523,20,20,10,0,1,0,0,0,quick,unit,0,foreigner,30,0,0,0,0
완지나(공중),393,5,12523,20,20,30,0,1,0,0,0,quick,unit,0,foreigner,30,0,1,0,0
"완지나(공중,10분노)",393,5,12523,20,20,30,0,1,200,0,0,quick,unit,0,foreigner,30,0,1,0,0
완지나(특공),393,5,12523,20,20,10,50,1,0,0,0,quick,unit,0,foreigner,30,1,0,0,0
"완지나(공중,특공)",393,5,12523,20,20,30,50,1,0,0,0,quick,unit,0,foreigner,30,1,1,0,0
"완지나(공중,특공,10분노)",393,5,12523,20,20,30,50,1,200,0,0,quick,unit,0,foreigner,30,1,1,0,0
프톨레마이오스,394,5,12016,31,20,50,0,1,0,0,0,arts,army,0,archer,80,0,0,0,0
프톨레마이오스,394,5,12016,20,20,20,0,1,0,0,0,buster,unit,0,archer,50,0,0,0,0
스기타니 젠쥬보,395,3,7347,30,0,0,0,1,0,0,0,buster,unit,0,archer,0,0,0,0,0
스기타니 젠쥬보(3스3턴),395,3,7347,50,0,40,0,1,0,0,0,buster,unit,0,archer,0,0,1,0,0
바제트,336,5,12835,40,10,0,0,1,0,175,0,quick,army,0,alterego,0,0,0,0,0
바제트(특공),336,5,12835,40,10,0,50,1,0,175,0,quick,army,0,alterego,0,1,0,0,0
사이카 마고이치,399,4,8996,50,0,0,0,1,0,0,0,quick,unit,0,archer,20,0,0,0,1
다케다 신겐,397,5,11175,50,20,0,0,1,0,0,0,buster,army,0,rider,50,0,0,0,0
나가쿠라 신파치,398,4,10044,55,0,0,0,1,0,0,0,buster,unit,0,berserker,0,0,0,0,0
테세우스,396,3,7105,30,30,0,0,1,0,0,0,arts,unit,0,saber,20,0,0,0,0
테세우스(마수형서번트특공),396,3,7105,30,30,0,50,1,0,0,0,arts,unit,0,saber,20,1,0,0,0
테세우스(거인특공),396,3,7105,30,30,0,0,1,150,0,0,arts,unit,0,saber,20,1,0,0,0
테세우스(2중특공),396,3,7105,30,30,0,50,1,150,0,0,arts,unit,0,saber,20,1,0,0,0
우에스기 겐신,400,5,11495,60,20,0,0,1,0,200,0,arts,unit,0,ruler,50,0,0,0,0
우에스기 겐신(특공),400,5,11495,60,20,0,0,1,150,200,0,arts,unit,0,ruler,50,1,0,0,0
네모[산타],401,5,8730,30,20,20,0,1,0,175,0,arts,army,0,rider,10,0,0,0,1
네모[산타](특공),401,5,8730,30,20,20,0,1,150,175,0,arts,army,0,rider,10,1,0,0,1
야마토타케루,402,5,12526,30,0,20,0,1,0,125,0,arts,army,0,saber,50,0,0,0,0
야마토타케루(1특공),402,5,12526,30,0,20,50,1,0,125,0,arts,army,0,saber,50,1,0,0,0
야마토타케루(2중특공),402,5,12526,30,0,20,100,1,0,125,0,arts,army,0,saber,50,1,0,0,0
야마토타케루(보구아깎),402,5,12526,80,0,20,0,1,0,125,0,arts,army,0,saber,50,0,1,0,0
"야마토타케루(보구아깎,1특공)",402,5,12526,80,0,20,50,1,0,125,0,arts,army,0,saber,50,1,1,0,0
"야마토타케루(보구아깎,2중특공)",402,5,12526,80,0,20,100,1,0,125,0,arts,army,0,saber,50,1,1,0,0
우시고젠,403,5,12430,30,0,30,0,1,0,100,0,quick,army,0,avenger,50,0,0,0,0
우시고젠(지특공),403,5,12430,30,0,30,0,1,150,100,0,quick,army,0,avenger,50,1,0,0,0
우시고젠(1보구1버프특공),403,5,12430,30,0,30,50,1,150,100,0,quick,army,0,avenger,50,1,0,0,0
우시고젠(마성특공),403,5,12430,30,0,30,50,1,0,100,0,quick,army,0,avenger,50,1,0,0,0
"우시고젠(지서번트,마성특공)",403,5,12430,30,0,30,100,1,150,100,0,quick,army,0,avenger,50,1,0,0,0
이오리,405,4,9999,40,20,0,0,1,0,0,0,buster,unit,0,saber,30,0,0,0,1
안드로메다,406,5,10085,41,20,30,0,1,0,0,0,quick,army,0,rider,30,0,0,0,0
안드로메다(거츠발동),406,5,10085,41,30,30,0,1,0,0,0,quick,army,0,rider,30,0,1,0,0
마리얼터,407,5,12705,30,0,20,0,1,0,0,0,arts,army,0,avenger,30,0,0,0,0
마리얼터(저주특공),407,5,12705,30,0,20,30,1,0,0,0,arts,army,0,avenger,30,1,0,0,0
요성의 하산,408,4,9049,40,0,20,0,1,0,0,0,arts,army,0,assassin,0,0,0,0,0
요성의 하산(암야),408,4,9049,40,20,20,0,1,0,0,0,arts,army,0,assassin,0,0,1,0,0
요성의 하산(특공),408,4,9049,40,0,20,0,1,150,0,0,arts,army,0,assassin,0,1,0,0,0
"요성의 하산(암야,특공)",408,4,9049,40,20,20,0,1,150,0,0,arts,army,0,assassin,0,1,1,0,0
